{"commands": {"help": {"text_in_help": "Список команд", "large_text_in_help": "Эта команда позволяет посмотреть доступные команды на сервере.Вы можете использовать /help <command> для получения более подробного описания каждой команды", "description": "Список команд", "view_only_for_author": false, "send_embed": false, "message_text": "Список команд", "embed_title": "Список команд", "embed_color": "FF4136", "embed_footer": ""}, "ban": {"text_in_help": "заблокировать пользователя", "large_text_in_help": "Эта команда позволяет заблокировать пользователя на сервере. Обязательным аргументом является упоминание пользователя, которого необходимо заблокировать. Также можно указать причину блокировки. Пример использования: /ban @user причина", "description": "заблокировать пользователя", "view_only_for_author": false, "send_embed": true, "message_text": "Участник {user_name} был заблокирован модератором {author_name} по причине: {reason}", "embed_title": "ban", "embed_color": "FF4136", "embed_footer": ""}, "unban": {"text_in_help": "разблокировать пользователя", "large_text_in_help": "Эта команда позволяет разблокировать пользователя на сервере. Обязательным аргументом является ID пользователя, которого необходимо разблокировать. Пример использования: /unban user_id", "description": "разблокировать пользователя", "view_only_for_author": false, "send_embed": true, "message_text": "Участник {user_name} был разблокирован модератором {author_name}", "embed_title": "unban", "embed_color": "2ECC71", "embed_footer": ""}, "mute": {"text_in_help": "выключить микрофон пользователю", "large_text_in_help": "Эта команда позволяет выключить микрофон пользователю на сервере. Обязательным аргументом является упоминание пользователя, чей микрофон необходимо выключить. Пример использования: /mute @user", "description": "выключить микрофон пользователю", "view_only_for_author": false, "send_embed": true, "message_text": "Микрофон участника {user_name} был выключен модератором {author_name}", "embed_title": "mute", "embed_color": "FFDC00", "embed_footer": ""}, "unmute": {"text_in_help": "включить микрофон пользователю", "large_text_in_help": "Эта команда позволяет включить микрофон пользователю на сервере. Обязательным аргументом является упоминание пользователя, чей микрофон необходимо включить. Пример использования: /unmute @user", "description": "включить микрофон пользователю", "view_only_for_author": false, "send_embed": true, "message_text": "Микрофон участника {user_name} был включен модератором {author_name} по причине {reason}", "embed_title": "unmute", "embed_color": "3498DB", "embed_footer": ""}, "chatmute": {"text_in_help": "выключить пользователю возможность писать в чат", "large_text_in_help": "Эта команда позволяет выключить возможность писать в чат пользователю на сервере. Обязательным аргументом является упоминание пользователя, которому необходимо выключить возможность писать в чат. Пример использования: /chatmute @user", "waiting_message": "Выполнение...", "description": "ъыъ", "view_only_for_author": false, "send_embed": true, "message_text": "Участнику {user_name} была выключена возможность писать в чат модератором {author_name}", "embed_title": "chatmute", "embed_color": "FF851B", "embed_footer": ""}, "chatunmute": {"text_in_help": "включить пользователю возможность писать в чат", "large_text_in_help": "Эта команда позволяет включить возможность писать в чат пользователю на сервере. Обязательным аргументом является упоминание пользователя, которому необходимо включить возможность писать в чат. Пример использования: /chatunmute @user", "waiting_message": "Выполнение...", "description": "включить пользователю возможность писать в чат", "view_only_for_author": false, "send_embed": true, "message_text": "Участнику {user_name} была включена возможность писать в чат модератором {author_name}", "embed_title": "chatunmute", "embed_color": "7FDBFF", "embed_footer": ""}, "timeout": {"text_in_help": "выдать пользователю таймаут", "large_text_in_help": "та команда позволяет выдать пользователю таймаут на сервере. Обязательными аргументами являются упоминание пользователя, которому необходимо выдать таймаут, и время таймаута в секундах. Также можно указать причину выдачи таймаута. Пример использования: /timeout @user 60 причина", "description": "выдать пользователю таймаут", "view_only_for_author": false, "send_embed": true, "message_text": "Участнику {user_name} был выдан таймаут модератором {author_name} по причине: {reason}", "embed_title": "timeout", "embed_color": "FF4136", "embed_footer": ""}, "rmtimeout": {"text_in_help": "удалить таймаут у пользователя", "large_text_in_help": "Эта команда позволяет удалить таймаут у пользователя на сервере. Обязательным аргументом является упоминание пользователя, у которого необходимо удалить таймаут. Пример использования: /rmtimeout @user", "description": "удалить таймаут у пользователя", "view_only_for_author": false, "send_embed": true, "message_text": "Участник {user_name} был освобожден от таймаута модератором {author_name} по причине: {reason}", "embed_title": "rmtimeout", "embed_color": "2ECC71", "embed_footer": ""}, "fullban": {"text_in_help": "заблокировать пользователя и удалить все его сообщения", "large_text_in_help": "Эта команда позволяет заблокировать пользователя на сервере и удалить все его сообщения. Обязательным аргументом является упоминание пользователя, которого необходимо заблокировать. Также можно указать причину блокировки. Пример использования: /fullban @user причина", "waiting_message": "Удаление сообщений...", "description": "заблокировать пользователя и удалить все его сообщения", "view_only_for_author": false, "send_embed": true, "message_text": "Участник {user_name} был заблокирован и все его сообщения удалены модератором {author_name} по причине: {reason}", "embed_title": "fullban", "embed_color": "FF4136", "embed_footer": ""}, "clear": {"text_in_help": "удалить сообщения", "large_text_in_help": "Эта команда позволяет удалить сообщения в канале на сервере. Обязательным аргументом является количество сообщений, которые необходимо удалить. Пример использования: /clear 10", "description": "удалить сообщения", "view_only_for_author": false, "send_embed": true, "message_text": "Удалено {argument} сообщений", "embed_title": "clear", "embed_color": "FFFFFF", "embed_footer": ""}, "afk": {"text_in_help": "переместить пользователя в AFK канал", "large_text_in_help": "Эта команда позволяет переместить пользователя на сервере в AFK канал. Обязательным аргументом является упоминание пользователя, которого необходимо переместить в AFK канал. Пример использования: /afk @user", "description": "переместить пользователя в AFK канал", "view_only_for_author": false, "send_embed": true, "message_text": "Участник {user_name} был перемещен в AFK канал модератором {author_name}", "embed_title": "afk", "embed_color": "BDC3C7", "embed_footer": ""}, "warn": {"text_in_help": "выдать предупреждение пользователю", "large_text_in_help": "Эта команда позволяет выдать предупреждение пользователю на сервере. Обязательными аргументами являются упоминание пользователя, которому необходимо выдать предупреждение, и причина выдачи предупреждения. Пример использования: /warn @user причина", "description": "выдать предупреждение пользователю", "view_only_for_author": false, "send_embed": true, "message_text": "Участнику {user_name} было выдано предупреждение модератором {author_name} по причине: {reason}", "embed_title": "warn", "embed_color": "FF851B", "embed_footer": ""}, "report": {"text_in_help": "отправить жалобу на пользователя", "large_text_in_help": "Эта команда позволяет отправить жалобу на пользователя на сервере", "description": "отправить жалобу на пользователя", "select_message": "Выберите участника, на которого вы хотите подать жалобу", "view_only_for_author": true, "send_embed": true, "message_text": "{author_mention}, Благодарим вас за **обратную связь**! \nАдминистрация сервера рассмотрит вашу жалобу и примет соответствующие меры", "embed_title": "Заявка отправлена!", "embed_color": "FAC20A", "embed_footer": ""}, "warns": {"text_in_help": "посмотреть список предупреждений пользователя", "large_text_in_help": "Эта команда позволяет посмотреть список предупреждений пользователя на сервере. Обязательным аргументом является упоминание пользователя, чей список предупреждений необходимо посмотреть. Пример использования: /warns @user", "description": "посмотреть список предупреждений пользователя", "view_only_for_author": false, "send_embed": true, "message_text": "{result}", "embed_title": "warns", "embed_color": "FF851B", "embed_footer": ""}, "move": {"text_in_help": "переместить пользователя в другой голосовой канал", "large_text_in_help": "Эта команда позволяет переместить пользователя на сервере в другой голосовой канал. Обязательными аргументами являются упоминание пользователя, которого необходимо переместить, и название голосового канала, в который необходимо переместить пользователя. Пример использования: /move @user название_канала", "description": "переместить пользователя в другой голосовой канал", "view_only_for_author": false, "send_embed": true, "message_text": "Участник {user_name} был перемещен модератором {author_name} в голосовой канал: {argument}", "embed_title": "move", "embed_color": "7FDBFF", "embed_footer": ""}, "rmwarn": {"text_in_help": "снять предупреждение с пользователя", "large_text_in_help": "Эта команда позволяет снять одно предупреждение с пользователя на сервере. Обязательными аргументами являются упоминание пользователя, у которого необходимо снять предупреждение, и номер предупреждения в списке предупреждений. Пример использования: /rmwarn @user 1", "description": "снять предупреждение с пользователя", "view_only_for_author": false, "send_embed": true, "message_text": "У участника {user_name} было снято одно предупреждение модератором {author_name}", "embed_title": "rmwarn", "embed_color": "2ECC71", "embed_footer": ""}, "deafen": {"text_in_help": "выключить звук пользователю", "large_text_in_help": "Эта команда позволяет выключить звук пользователю на сервере. Обязательным аргументом является упоминание пользователя, чей звук необходимо выключить. Пример использования: /deafen @user", "description": "выключить звук пользователю", "view_only_for_author": false, "send_embed": true, "message_text": "Звук участника {user_name} был выключен модератором {author_name}", "embed_title": "deafen", "embed_color": "FFDC00", "embed_footer": ""}, "addrole": {"text_in_help": "выдать роль пользователю", "large_text_in_help": "Эта команда позволяет выдать роль пользователю на сервере. Обязательными аргументами являются упоминание пользователя, которому необходимо выдать роль, и название роли. Пример использования: /addrole @user название_роли", "description": "выдать роль пользователю", "view_only_for_author": false, "send_embed": true, "message_text": "Участнику {user_name} была выдана роль {argument} модератором {author_name}", "embed_title": "addrole", "embed_color": "2ECC71", "embed_footer": ""}, "undeafen": {"text_in_help": "включить звук у пользователя", "large_text_in_help": "Эта команда позволяет включить звук пользователю на сервере. Обязательным аргументом является упоминание пользователя, чей звук необходимо включить. Пример использования: /undeafen @user", "description": "включить звук у пользователя", "view_only_for_author": false, "send_embed": true, "message_text": "Звук участника {user_name} был включен модератором {author_name}", "embed_title": "undeafen", "embed_color": "3498DB", "embed_footer": ""}, "rmrole": {"text_in_help": "забрать роль у пользователя", "large_text_in_help": "Эта команда позволяет забрать роль у пользователя на сервере. Обязательными аргументами являются упоминание пользователя, у которого необходимо забрать роль, и название роли. Пример использования: /rmrole @user название_роли", "description": "забрать роль у пользователя", "view_only_for_author": false, "send_embed": true, "message_text": "У участника {user_name} была забрана роль {argument} модератором {author_name}", "embed_title": "rmrole", "embed_color": "FF4136", "embed_footer": ""}, "ping": {"text_in_help": "посмотреть пинг сервера и бота", "large_text_in_help": "Эта команда позволяет посмотреть пинг сервера и бота на сервере. Пример использования: /ping", "description": "посмотреть пинг сервера и бота", "view_only_for_author": false, "send_embed": false, "message_text": ":ping_pong: Понг. Пинг бота: {ping} мс", "embed_title": "ping", "embed_color": "BDC3C7", "embed_footer": ""}, "slowmode": {"text_in_help": "включить/выключить медленный режим", "large_text_in_help": "Данная команда позволяет включить или выключить медленный режим в текстовом канале. Медленный режим ограничивает частоту отправки сообщений участниками канала. Обязательным аргументом является время задержки между сообщениями в секундах. Если время не указано, то медленный режим будет выключен. Пример использования: /slowmode 10 (включить медленный режим со временем задержки 10 секунд) или /slowmode (выключить медленный режим).", "description": "включить/выключить медленный режим", "view_only_for_author": false, "send_embed": true, "message_text": "Медленный режим был изменен на {argument} секунд модератором {author_name}", "embed_title": "slowmode", "embed_color": "BDC3C7", "embed_footer": ""}, "kick": {"text_in_help": "выгнать пользователя", "large_text_in_help": "Данная команда позволяет выгнать пользователя с сервера. Обязательным аргументом является упоминание пользователя, которого необходимо выгнать, а также можно передать причину. Пример использования: /kick @user причина.", "description": "выгнать пользователя", "view_only_for_author": false, "send_embed": true, "message_text": "Участник {user_name} был выгнан модератором {author_name}", "embed_title": "kick", "embed_color": "FF4136", "embed_footer": ""}, "vkick": {"text_in_help": "отключить пользователя от голосового канала", "large_text_in_help": "Данная команда позволяет отключить пользователя от голосового канала на сервере. Обязательным аргументом является упоминание пользователя, которого необходимо отключить. Пример использования: /vkick @user.", "description": "отключить пользователя от голосового канала", "view_only_for_author": false, "send_embed": true, "message_text": "Участник {user_name} был отключен от голосового канала модератором {author_name}", "embed_title": "vkick", "embed_color": "FF851B", "embed_footer": ""}, "color": {"text_in_help": "поменять цвет имени на сервере", "large_text_in_help": "Данная команда позволяет поменять цвет имени участника на сервере. Обязательным аргументом является цвет в формате HEX. Пример использования: /color #FF0000 (изменить цвет имени на красный).", "waiting_message": "Обновление цвета...", "description": "поменять цвет имени на сервере", "view_only_for_author": false, "send_embed": true, "message_text": "Вы изменили цвет на {argument}", "embed_title": "color", "embed_color": "FFA07A", "embed_footer": ""}, "nick": {"text_in_help": "поменять имя на сервере", "large_text_in_help": "Данная команда позволяет поменять имя участника на сервере. Обязательным аргументом является новое имя. Пример использования: /nick NewName (изменить имя на \"NewName\").", "description": "поменять имя на сервере", "view_only_for_author": false, "send_embed": true, "message_text": "Вы изменили имя на {new_name}", "embed_title": "nick", "embed_color": "FFA07A", "embed_footer": ""}, "joke": {"text_in_help": "случайная шутка", "large_text_in_help": "Данная команда позволяет получить случайную шутку от бота.", "waiting_message": "Генерация шутки...", "description": "случайная шутка", "view_only_for_author": false, "send_embed": true, "message_text": "{result}", "embed_title": "joke", "embed_color": "BDC3C7", "embed_footer": ""}, "weather": {"text_in_help": "актуальная погода", "large_text_in_help": "Данная команда позволяет получить информацию об актуальной погоде в указанном городе. Обязательным аргументом является название города. Пример использования: /weather Moscow (получить информацию о погоде в Москве).", "waiting_message": "Получение погоды...", "description": "актуальная погода", "view_only_for_author": false, "send_embed": true, "message_text": "Актуальная погода: {result}", "embed_title": "weather", "embed_color": "BDC3C7", "embed_footer": ""}, "translate": {"text_in_help": "перевести текст", "large_text_in_help": "Данная команда позволяет перевести текст на указанный язык. Обязательными аргументами являются текст, язык и язык, на который нужно перевести. Пример использования: /translate Hello world en fr (перевести текст \"Hello world\" с английского на французский).", "waiting_message": "Перевод...", "description": "перевести текст", "view_only_for_author": false, "send_embed": true, "message_text": "{result}", "embed_title": "translate", "embed_color": "BDC3C7", "embed_footer": ""}, "say": {"text_in_help": "написать сообщения от имени бота", "large_text_in_help": "Данная команда позволяет написать сообщение от имени бота. Обязательными аргументами являются текст сообщения. Пример использования: /say Привет, я бот! (написать сообщение \"Привет, я бот!\").", "description": "написать сообщения от имени бота", "view_only_for_author": false, "send_embed": false, "message_text": "{result}", "embed_title": "say", "embed_color": "BDC3C7", "embed_footer": ""}, "avatar": {"text_in_help": "получить аватар пользователя", "large_text_in_help": "Данная команда позволяет получить аватар участника на сервере. Обязательным аргументом является упоминание пользователя. Пример использования: /avatar @user (получить аватар пользователя с упоминанием \"@user\").", "description": "получить аватар пользователя", "view_only_for_author": false, "send_embed": true, "message_text": "{result}", "embed_title": "avatar", "embed_color": "BDC3C7", "embed_footer": ""}, "gpt": {"text_in_help": "общения с chatGPT", "large_text_in_help": "Данная команда позволяет начать диалог с ботом на основе GPT модели. Пример использования: /gpt Привет, как дела?.", "waiting_message": "Ожидание ответа...", "description": "общения с chatGPT", "view_only_for_author": false, "send_embed": true, "message_text": "{result}", "embed_title": "gpt", "embed_color": "BDC3C7", "embed_footer": ""}, "embed": {"text_in_help": "создать embed", "large_text_in_help": "Данная команда позволяет создать embed сообщение.", "description": "создать embed", "view_only_for_author": false, "send_embed": true, "message_text": "{result}", "embed_title": "embed", "embed_color": "BDC3C7", "embed_footer": ""}, "feedback": {"text_in_help": "Связь с разработчиками бота", "large_text_in_help": "Данная команда позволяет создать обращение к разработчикам бота.", "description": "Обратиться к разработчикам бота", "view_only_for_author": false, "send_embed": true, "message_text": "{result}", "embed_title": "embed", "embed_color": "BDC3C7", "embed_footer": ""}}, "errors": {"unban_input_error": {"view_only_for_author": false, "send_embed": false, "message_text": "Необходимо указать ID пользователя", "logging_message": "Не указано ID пользователя", "embed_title": "Ошибка", "embed_color": "FF0000", "embed_footer": ""}, "unban_value_error": {"view_only_for_author": false, "send_embed": false, "message_text": "Пользователь с этим ID не заблокирован на сервере", "logging_message": "Пользователь с этим ID не заблокирован на сервере", "embed_title": "Ошибка", "embed_color": "FF0000", "embed_footer": ""}, "mute_error": {"view_only_for_author": false, "send_embed": false, "message_text": "Участник не находиться в голосовом канале", "logging_message": "Участник не находиться в голосовом канале", "embed_title": "Ошибка", "embed_color": "FF0000", "embed_footer": ""}, "unmute_error": {"view_only_for_author": false, "send_embed": false, "message_text": "Участник не находиться в голосовом канале", "logging_message": "Участник не находиться в голосовом канале", "embed_title": "Ошибка", "embed_color": "FF0000", "embed_footer": ""}, "afk_error": {"view_only_for_author": false, "send_embed": false, "message_text": "Участник не находиться в голосовом канале", "logging_message": "Участник не находиться в голосовом канале", "embed_title": "Ошибка", "embed_color": "FF0000", "embed_footer": ""}, "afk_already_error": {"view_only_for_author": false, "send_embed": false, "message_text": "Пользователь уже в AFK канале", "logging_message": "Пользователь уже в AFK канале", "embed_title": "Ошибка", "embed_color": "FF0000", "embed_footer": ""}, "move_error": {"view_only_for_author": false, "send_embed": false, "message_text": "Участник не находиться в голосовом канале", "logging_message": "Участник не находиться в голосовом канале", "embed_title": "Ошибка", "embed_color": "FF0000", "embed_footer": ""}, "move_new_channel_error": {"view_only_for_author": false, "send_embed": false, "message_text": "Пользователь уже в этом канале", "logging_message": "Пользователь уже в этом канале", "embed_title": "Ошибка", "embed_color": "FF0000", "embed_footer": ""}, "deafen_error": {"view_only_for_author": false, "send_embed": false, "message_text": "Участник не находиться в голосовом канале", "logging_message": "Участник не находиться в голосовом канале", "embed_title": "Ошибка", "embed_color": "FF0000", "embed_footer": ""}, "undeafen_error": {"view_only_for_author": false, "send_embed": false, "message_text": "Участник не находиться в голосовом канале", "logging_message": "Участник не находиться в голосовом канале", "embed_title": "Ошибка", "embed_color": "FF0000", "embed_footer": ""}, "vkick_error": {"view_only_for_author": false, "send_embed": false, "message_text": "Участник не находиться в голосовом канале", "logging_message": "Участник не находиться в голосовом канале", "embed_title": "Ошибка", "embed_color": "FF0000", "embed_footer": ""}, "addrole_error": {"view_only_for_author": false, "send_embed": false, "message_text": "У пользователя уже есть данная роль", "logging_message": "У пользователя уже есть роль", "embed_title": "Ошибка", "embed_color": "FF0000", "embed_footer": ""}, "rmrole_error": {"view_only_for_author": false, "send_embed": false, "message_text": "У пользователя нет данной роли", "logging_message": "У пользователя ещё нет роли", "embed_title": "Ошибка", "embed_color": "FF0000", "embed_footer": ""}, "color_input_error": {"view_only_for_author": false, "send_embed": false, "message_text": "Введено неверное значение цвета", "logging_message": "Введено неверное значение цвета", "embed_title": "Ошибка", "embed_color": "FF0000", "embed_footer": ""}, "long_message_to_gpt_error": {"view_only_for_author": false, "send_embed": false, "message_text": "Слишком длинное сообщение (максимальная длина 2000 символов)", "logging_message": "Слишком длинное сообщение (максимальная длина 2000 символов)", "embed_title": "Ошибка", "embed_color": "FF0000", "embed_footer": ""}, "gpt_limit_error": {"view_only_for_author": false, "send_embed": false, "message_text": "Превышено количество запросов к gpt", "logging_message": "Превышено количество запросов к gpt, пожалуйста, проверьте информацию об этом в вашем аккаунте OpenAI", "embed_title": "Ошибка", "embed_color": "FF0000", "embed_footer": ""}, "rm_warns_index_error": {"view_only_for_author": false, "send_embed": false, "message_text": "Предупреждения с таким номером не существует", "logging_message": "Предупреждения с таким номером не существует", "embed_title": "Ошибка", "embed_color": "FF0000", "embed_footer": ""}, "command_not_found": {"view_only_for_author": false, "send_embed": false, "message_text": "Команда не найдена", "logging_message": "Команда не найдена", "embed_title": "Ошибка", "embed_color": "FF0000", "embed_footer": ""}, "missing_argument": {"view_only_for_author": false, "send_embed": false, "message_text": "Отсутствует обязательный аргумент", "logging_message": "Отсутствует обязательный аргумент", "embed_title": "Ошибка", "embed_color": "FF0000", "embed_footer": ""}, "incorrect_argument": {"view_only_for_author": false, "send_embed": false, "message_text": "Неверный аргумент", "logging_message": "Неверный аргумент", "embed_title": "Ошибка", "embed_color": "FF0000", "embed_footer": ""}, "missing_permission": {"view_only_for_author": false, "send_embed": false, "message_text": "Вы не можете использовать эту команду", "logging_message": "У пользователя нет прав для использования команды", "embed_title": "Ошибка", "embed_color": "FF0000", "embed_footer": ""}, "bot_missing_permission": {"view_only_for_author": false, "send_embed": false, "message_text": "У бота недостаточно прав для выполнения этой команды", "logging_message": "У бота недостаточно прав для выполнения этой команды", "embed_title": "Ошибка", "embed_color": "FF0000", "embed_footer": ""}, "time_limit_error": {"view_only_for_author": false, "send_embed": false, "message_text": "Команда превысила лимит по времени, пожалуйста повторите попытку", "logging_message": "Команда превысила лимит по времени", "embed_title": "Ошибка", "embed_color": "FF0000", "embed_footer": ""}, "custom_permission_error": {"view_only_for_author": false, "send_embed": false, "message_text": "Ошибка выполнения, у вас нет необходимых ролей или в данном канале нельзя выполнять эту команду", "logging_message": "Ошибка выполнения, у пользователя нет необходимых ролей или в данном канале нельзя выполнять эту команду", "embed_title": "Ошибка", "embed_color": "FF0000", "embed_footer": ""}, "unknown_error": {"view_only_for_author": false, "send_embed": false, "message_text": "Произошла непредвиденная ошибка, пожалуйста, обратитесь в поддержку бота через команду /feedback или по ссылке: ", "logging_message": "Непредвиденная ошибка", "embed_title": "Ошибка", "embed_color": "FF0000", "embed_footer": ""}}}